{
    "0": -3.014516875660009,
    "1": -3.9338984387795386,
    "2": -4.08218967623202,
    "3": -3.2864004893706773,
    "4": -1.709974330219969,
    "5": -3.382292889470146,
    "6": -2.3942457098081777,
    "7": -3.8033305451780945,
    "8": -2.4277387852143666,
    "9": -1.7852784436069407,
    "10": -5.935108832685191,
    "11": -3.9577872444666484,
    "12": -1.3888131902097067,
    "13": -4.345567258678517,
    "14": -4.749642934927532
}